"DateTime","Image"
"2025-02-26",11534
"2025-02-27",5729
"2025-02-28",8002
"2025-03-01",5876
"2025-03-02",3694
"2025-03-03",3187
"2025-03-04",2268
"2025-03-05",2640
"2025-03-06",4194
"2025-03-07",10287
"2025-03-08",6160
"2025-03-09",8483
"2025-03-10",6770
"2025-03-11",5720
"2025-03-12",4522
"2025-03-13",3387
"2025-03-14",5311
"2025-03-15",3873
"2025-03-16",4341
"2025-03-17",4308
"2025-03-18",4520
"2025-03-19",4084
"2025-03-20",2365
"2025-03-21",1442
"2025-03-22",971
"2025-03-23",991
"2025-03-24",1574
"2025-03-25",1603
"2025-03-26",1196